type_id	class	name_display	name_internal	obj_ptr
0	GoodType	Food	Food	0x22573384
1	GoodType	Timber	Timber	0x225736AC
2	GoodType	Wealth	Wealth	0x22572094
3	GoodType	Knowledge	Knowledge	0x225739D4
4	GoodType	Metal	Metal	0x22573CFC
5	GoodType	Oil	Oil	0x2257305C
6	GoodType	Fish	Fish	0x22570754
7	GoodType	Relics	Relics	0x22570A7C
8	GoodType	Wine	Wine	0x22571A44
9	GoodType	Papyrus	Papyrus	0x22570DA4
10	GoodType	Dye	Dye	0x22571D6C
11	GoodType	Silk	Silk	0x225713F4
12	GoodType	Spice	Spice	0x225723BC
13	GoodType	Salt	Salt	0x22574024
14	GoodType	Horses	Horses	0x225726E4
15	GoodType	Rubber	Rubber	0x22572A0C
16	GoodType	Sulphur	Sulphur	0x22572D34
17	GoodType	Amber	Amber	0x16CB9CFC
18	GoodType	Silver	Silver	0x16CBC2DC
19	GoodType	Tobacco	Tobacco	0x16CBC92C
20	GoodType	Marble	Marble	0x16CBCC54
21	GoodType	Furs	Furs	0x16CBC604
22	GoodType	Cotton	Cotton	0x16CB96AC
23	GoodType	Bison	Bison	0x16CB99D4
24	GoodType	Copper	Copper	0x16CBAFEC
25	GoodType	Peacocks	Peacocks	0x16CBD2A4
26	GoodType	Citrus	Citrus	0x16CBA024
27	GoodType	Sugar	Sugar	0x16CBCF7C
28	GoodType	Diamonds	Diamonds	0x16CBA99C
29	GoodType	Gems	Gems	0x16CBA34C
30	GoodType	Aluminum	Aluminum	0x16CBA674
31	GoodType	Whales	Whales	0x16CBACC4
32	GoodType	Obsidian	Obsidian	0x16CBB314
33	GoodType	Wool	Wool	0x16CBB63C
34	GoodType	Coal	Coal	0x16CBBFB4
35	GoodType	Uranium	Uranium	0x16CBB964
36	GoodType	Titanium	Titanium	0x16CBBC8C
37	GoodType	Cattle	Cattle	0x223CB4CC
38	GoodType	Huskies	Huskies	0x223CBB1C
39	GoodType	Olive Oil	Olive Oil	0x223CB7F4
40	GoodType	Gypsum	Gypsum	0x223CBE44
41	GoodType	Beaver Pelts	Beaver Pelts	0x223CCAE4
42	GoodType	Gold	Gold	0x223CC494
43	GoodType	Rum	Rum	0x223CC16C
44	GoodType	Coffee	Coffee	0x223CC7BC
45	GoodType	Bananas	Bananas	0x223CAE7C
46	GoodType	Salmon	Salmon	0x223CB1A4
47	GoodType	Iron Ore	Iron Ore	0x0DA8BD44
48	GoodType	Maize	Maize	0x0DA8B0A4
49	GoodType	Incense	Incense	0x0DA8A0DC
50	UnitType	Citizen	CITIZENS	0x223B86C4
51	UnitType	Citizen	CITIZENSKOREAN	0x16CB0264
52	UnitType	Scholar	SCHOLAR	0x16CB084C
53	UnitType	Scholar	SCHOLARKOREAN	0x16CB0E34
54	UnitType	General	GENERAL	0x16AFB97C
55	UnitType	General	GENERALCTWE	0x16AFBF64
56	UnitType	General	GENERALCTWW	0x16AFC54C
57	UnitType	General	GENERALGERMAN	0x11436F14
58	UnitType	Spy	SPY	0x114374FC
59	UnitType	Caravan	CARAVAN	0x11437AE4
60	UnitType	Armed Caravan	ArmedCaravan	0x114380CC
61	UnitType	Merchant	MERCHANT	0x16AE386C
62	UnitType	Armed Merchant	MERCHANTDUTCH	0x16AE3E54
63	UnitType	Supply Wagon	SUPPLYWAGON	0x16AE443C
64	UnitType	Supply Wagon	SUPPLYWAGONAMER	0x16AE4A24
65	UnitType	Armed Supply Wagon	ARMEDSUPPLYWAGON	0x16AE500C
66	UnitType	Militia	MILITIA	0x16AE55F4
67	UnitType	Minuteman	MINUTEMAN	0x22598454
68	UnitType	Partisan	PARTISANS	0x22599064
69	UnitType	Scout	SCOUT	0x2259662C
70	UnitType	Scout	SCOUTKOREAN	0x22598A5C
71	UnitType	Explorer	EXPLORER	0x22596C34
72	UnitType	Explorer	EXPLORERKOREAN	0x22597E4C
73	UnitType	Commando	COMMANDO	0x2259723C
74	UnitType	Commando	COMMANDOSPANISH	0x22597844
75	UnitType	Special Forces	SPECIALFORCES	0x2259966C
76	UnitType	Special Forces	SPECIALFORCESSPANISH	0x22596024
77	UnitType	Elite Special Forces	ELITESPECIAL	0x225A0254
78	UnitType	Elite Special Forces	ELITESPECIALSPANISH	0x225A2684
79	UnitType	Takohs	IRQSCOUT	0x2259FC4C
80	UnitType	Akweks	IRQEXPLORER	0x2259F03C
81	UnitType	Okwari	IRQCOMMANDO	0x225A2C8C
82	UnitType	Slingers	SLINGERS	0x225A207C
83	UnitType	Javelineers	JAVELINEERS	0x225A085C
84	UnitType	Elite Javelineers	PELTASTS	0x2259F644
85	UnitType	Atl-Atls	ATLATL	0x225A1A74
86	UnitType	Royal Atl-Atls	ATLATLELITE	0x225A389C
87	UnitType	Xopilli Atl-Atls	XOPILLIATLATL	0x225A3294
88	UnitType	Balamob Slingers	BAMOBSLINGERS	0x225A3EA4
89	UnitType	Royal Balamob Slingers	BAMOBSLINGERSELITE	0x225A44AC
90	UnitType	Eagle Balamob Slingers	EAGLEBALSLINGERS	0x225A0E64
91	UnitType	Inti Clubmen	INTICLUBMEN	0x225A4AB4
92	UnitType	Inti Macemen	INTIMACEMEN	0x225A146C
93	UnitType	Umpakati	UMPAKATI	0x225A50BC
94	UnitType	Yangombi Umpakati	YANGOMBIUMPAKATI	0x225A56C4
95	UnitType	Impi	IMPI	0x225A5CCC
96	UnitType	Fire Lances	FIRELANCES	0x225A62D4
97	UnitType	Heavy Fire Lances	FIRELANCEHEAVY	0x225A68DC
98	UnitType	Arquebusiers	ARQUEBUSIERS	0x16D53C5C
99	UnitType	Musketeers	MUSKETEERS	0x16D54E74
100	UnitType	Riflemen	RIFLEMEN	0x16D54264
101	UnitType	Riflemen	RIFLEMENGERMAN	0x16D5304C
102	UnitType	Infantry	INFANTRY	0x16D5547C
103	UnitType	Infantry	INFANTRYGER	0x16D53654
104	UnitType	Assault Infantry	ASSAULTINFANTRY	0x16D51E34
105	UnitType	Assault Infantry	ASSAULTINFANTRYCTWE	0x16D55A84
106	UnitType	Assault Infantry	ASSAULTINFANTRYCTWW	0x16D5243C
107	UnitType	Red Guards Infantry	REDGUARD	0x16D5608C
108	UnitType	Shock Infantry	SHOCKINFANTRY	0x16D5486C
109	UnitType	Volksgrenadiers	INFANTRYGERMAN	0x16D52A44
110	UnitType	Jaguar Infantry	JAGINFANTRY	0x16D56C9C
111	UnitType	Jaguar Assault Infantry	JAGUARASSAULTINF	0x16D56694
112	UnitType	Janissaries	JANISSARY	0x16D572A4
113	UnitType	Royal Janissaries	JANISSARYROYAL	0x16D590CC
114	UnitType	Highlanders	HIGHLANDER	0x16D596D4
115	UnitType	Black Watch	HIGHLANDERELITE	0x16D578AC
116	UnitType	Manchu Musketeers	MANCHUMUSKETEERS	0x16D57EB4
117	UnitType	Manchu Riflemen	MANCHURIFLEMEN	0x16D584BC
118	UnitType	Manchu Infantry	MANCHUINFANTRY	0x16D58AC4
119	UnitType	Continental Marines	MARINES	0x16D5A444
120	UnitType	Marine Riflemen	MARINERIFLEMEN	0x16D5C26C
121	UnitType	Marine Infantry	MARINEINFANTRY	0x16D5B054
122	UnitType	Assault Marines	ASSAULTMARINES	0x16D5C874
123	UnitType	Machine Gun	MACHINEGUN	0x16D5CE7C
124	UnitType	Machine Gun	MACHINEGUNGERMAN	0x16D5AA4C
125	UnitType	Heavy Machine Gun	HVYMACHINEGUN	0x16D5D484
126	UnitType	Heavy Machine Gun	HVYMACHINEGUNGERMAN	0x16D5B65C
127	UnitType	Advanced Machine Gun	ADVMACHINEGUN	0x16D59E3C
128	UnitType	Advanced Machine Gun	ADVMACHINEGUNCTWE	0x16D5DA8C
129	UnitType	Advanced Machine Gun	ADVMACHINEGUNCTWW	0x16D5BC64
130	UnitType	MG42	HVYMACHINEGUNGER	0x16D5F2AC
131	UnitType	Flamethrower	FLAMETHROWER	0x16D5F8B4
132	UnitType	Hoplites	HOPLITE	0x16D5FEBC
133	UnitType	Phalanx	PHALANX	0x16D5E69C
134	UnitType	Pikemen	PIKEMEN	0x16D5ECA4
135	UnitType	Elite Pikemen	PIKEMENELITE	0x16D604C4
136	UnitType	Fusiliers	FUSILIER	0x16D60ACC
137	UnitType	Anti-tank Rifle	ANTITANKRIFLE	0x16D610D4
138	UnitType	Anti-tank Rifle	ANTITANKRIFLEGERMAN	0x16D616DC
139	UnitType	Bazooka	BAZOOKA	0x16D5E094
140	UnitType	Bazooka	BAZOOKAGERMAN	0x16D6548C
141	UnitType	Anti-Tank Missile	TOW	0x16D62A54
142	UnitType	Anti-Tank Missile	TOWCTWE	0x16D6487C
143	UnitType	Anti-Tank Missile	TOWCTWW	0x16D64E84
144	UnitType	Recoilless Gun	RECOILGUN	0x16D6244C
145	UnitType	Dragon AT Missile	DRAGON	0x16D61E44
146	UnitType	Legions	LEGION	0x16D63C6C
147	UnitType	Caesar's Legions	LEGIONELITE	0x16D65A94
148	UnitType	Praetorian Guards	PIKELEGION	0x16D6609C
149	UnitType	Scutari	SCUTARI	0x16D6305C
150	UnitType	Royal Scutari	SCUTARIELITE	0x16D66CAC
151	UnitType	Tercios	SWORDSMEN	0x16D63664
152	UnitType	Royal Tercios	SWORDSMENELITE	0x16D672B4
153	UnitType	Solduri	SOLDURI	0x16D678BC
154	UnitType	Barbarians	BARBARIAN	0x16D666A4
155	UnitType	Vandals	BARBARIANVANDALS	0x16D64274
156	UnitType	Landsknechts	BARBARIANLANDS	0x16D67EC4
157	UnitType	Ashigaru Spearmen	ASHIGARU	0x16D684CC
158	UnitType	Bushi	BUSHI	0x16D690DC
159	UnitType	Elite Bushi	BUSHIELITE	0x16D68AD4
160	UnitType	Samurai	SAMURAI	0x16D696E4
161	UnitType	Gun Samurai	GUNSAMURAI	0x16D6BC74
162	UnitType	Immortals	IMMORTAL	0x16D6CE8C
163	UnitType	Anusiya	ANUSIYA	0x16D6B064
164	UnitType	Athanatoi	ATHANATOI	0x16D6C27C
165	UnitType	Arqimmortal	ARQIMMORTAL	0x16D6D494
166	UnitType	Spearmen	SPEARMEN	0x16D69E4C
167	UnitType	Mohawk Spearmen	MOHAWK	0x16D6DA9C
168	UnitType	Heavy Mohawk Spearmen	HEAVYMOHAWK	0x16D6B66C
169	UnitType	Elite Mohawk Spearmen	ELITEMOHAWK	0x16D6C884
170	UnitType	Bowmen	BOWMEN	0x16D6AA5C
171	UnitType	Archers	ARCHERS	0x16D6A454
172	UnitType	Crossbowmen	CROSSBOWMEN	0x16D70ADC
173	UnitType	Heavy Archers	HEAVYARCHERS	0x16D6F2BC
174	UnitType	Kushite Archers	KUSHARCHERS	0x16D6F8C4
175	UnitType	Royal Kushite Archers	KUSHARCHERSELITE	0x16D6FECC
176	UnitType	Apedemak Archers	APEDEMAK	0x16D704D4
177	UnitType	Longbowmen	LONGBOWMEN	0x16D710E4
178	UnitType	King's Longbowmen	LONGBOWMENELITE	0x16D716EC
179	UnitType	King's Yeomanry	KINGSYEOMANRY	0x16D6E0A4
180	UnitType	Hwarang	HWARANG	0x16D6E6AC
181	UnitType	Elite Hwarang	HWARANGELITE	0x16D6ECB4
182	UnitType	Royal Hwarang	KORYOHWARANG	0x16D73C7C
183	UnitType	Elite Royal Hwarang	CHOSONHWARANG	0x16D73674
184	UnitType	Immortal Bowmen	IMMORTALBOW	0x16D7245C
185	UnitType	Anusiya Archers	ATHANATOIBOW	0x16D72A64
186	UnitType	Athanatoi Archers	ATHANATOIBOW	0x16D74284
187	UnitType	Horse Archer	HORSEARCHER	0x16D7306C
188	UnitType	Heavy Horse Archer	HEAVYCAVARCHER	0x16D7488C
189	UnitType	Dragoon	DRAGOON	0x16D74E94
190	UnitType	Carabineer	CARBINEER	0x16D7549C
191	UnitType	Camel Archer	CAMELARCHER	0x16D71E54
192	UnitType	Heavy Camel Archer	HEAVYCAMARCHER	0x16D77ED4
193	UnitType	Camel Raider	CAMELRAIDER	0x16D75AA4
194	UnitType	Camel Corps	CAMELCORPS	0x16D784DC
195	UnitType	Chariot	CHARIOT	0x16D76CBC
196	UnitType	Heavy Chariot	HEAVYCHARIOT	0x16D778CC
197	UnitType	Mameluke	MAMELUKE	0x16D790EC
198	UnitType	Royal Mameluke	ROYALMAMELUKE	0x16D78AE4
199	UnitType	Nomad	NOMADS	0x16D796F4
200	UnitType	Steppe Nomad	ELITENOMADS	0x16D772C4
201	UnitType	Conquistador	CONQUISTADOR	0x16D760AC
202	UnitType	Elite Conquistador	ECONQUISTADOR	0x16D766B4
203	UnitType	Horde	HORDE	0x16D7B67C
204	UnitType	Golden Horde	GOLDENHORDE	0x16D7BC84
205	UnitType	Sunka Wakan	SUNKAWAKAN	0x16D7A464
206	UnitType	Eagle Feather Horse	EAGLEFEATHER	0x16D7AA6C
207	UnitType	Musket Horse	MUSKETHORSE	0x16D7C28C
208	UnitType	Repeating Rifle Horse	RIFLEHORSE	0x16D7B074
209	UnitType	Light Horse	LIGHTHORSE	0x16D7C894
210	UnitType	Light Cavalry	LIGHTCAVALRY	0x16D7CE9C
211	UnitType	Elite Light Cavalry	LTCAVALRYELITE	0x16D79E5C
212	UnitType	Hussar	HUSSAR	0x16D7FEDC
213	UnitType	Light Camel	LIGHTCAMEL	0x16D804E4
214	UnitType	Camel Warrior	CAMELRIDER	0x16D80AEC
215	UnitType	Elite Camel Warrior	ELITECAMEL	0x16D7D4A4
216	UnitType	Armored Car	ARMOREDSCOUTCAR	0x16D810F4
217	UnitType	Armored Car	GREYHOUND	0x16D7F2CC
218	UnitType	Armored Scout Car	ARMOREDCAR	0x16D7DAAC
219	UnitType	Armored Scout Car	ARMOREDCAR2	0x16D7E6BC
220	UnitType	Armored Cavalry	ARMOREDCAVALRY	0x16D816FC
221	UnitType	Armored Cavalry	ARMOREDCAVALRYCTWE	0x16D7F8D4
222	UnitType	Armored Cavalry	ARMOREDCAVALRYCTWW	0x16D7E0B4
223	UnitType	Armored Cavalry	BMP	0x16D7ECC4
224	UnitType	Rusiny Lancer	RUSINYLANCER	0x16D84EA4
225	UnitType	Cossack	COSSACK	0x16D83C8C
226	UnitType	Don Cossack	DONCOSSACK	0x16D84294
227	UnitType	Cataphract	CATAPHRACT	0x16D854AC
228	UnitType	Knight	KNIGHTS	0x16D8489C
229	UnitType	Heavy Knight	KNIGHTSELITE	0x16D81E64
230	UnitType	Cuirassier	CUIRASSIER	0x16D8307C
231	UnitType	Companion	COMPANION	0x16D85AB4
232	UnitType	Royal Companion	COMPANIONELITE	0x16D83684
233	UnitType	Stratiotai	STRATIOTAI	0x16D8246C
234	UnitType	Royal Stratiotai	STRATIOTAIHEAVY	0x16D860BC
235	UnitType	Chevalier	CHEVALIER	0x16D82A74
236	UnitType	Heavy Chevalier	CHEVALIERHEAVY	0x16D878DC
237	UnitType	Horse Grenadier	HORSEGRENADIER	0x16D87EE4
238	UnitType	Horse Guard Grenadier	HORSEGUARDGREN	0x16D86CCC
239	UnitType	Light Tank	LIGHTTANK	0x16D88AF4
240	UnitType	Light Tank	MARK4	0x16D872D4
241	UnitType	Light Tank	MARK4DES	0x16D866C4
242	UnitType	Light Tank	A7V	0x16D884EC
243	UnitType	Light Tank	A7VDES	0x16D890FC
244	UnitType	Tank	MEDIUMTANK	0x16D89704
245	UnitType	Tank	CHURCHILLDES	0x16B6017C
246	UnitType	Tank	SHERMAN	0x16B60784
247	UnitType	Tank	SHERMANDES	0x16B5D744
248	UnitType	Tank	T34	0x16B5D13C
249	UnitType	Tank	CHIHA	0x16B5E354
250	UnitType	Tank	PANZER	0x16B5DD4C
251	UnitType	Main Battle Tank	HEAVYTANK	0x16B5E95C
252	UnitType	Main Battle Tank	HEAVYTANKCTWE	0x16B5EF64
253	UnitType	Main Battle Tank	HEAVYTANKCTWW	0x16B5F56C
254	UnitType	Main Battle Tank	ABRAM	0x16B5FB74
255	UnitType	Main Battle Tank	ABRAMDES	0x16B54684
256	UnitType	Main Battle Tank	T80	0x16B52E64
257	UnitType	Main Battle Tank	T80DES	0x16B5285C
258	UnitType	Tiger Tank	TIGERTANK	0x16B52254
259	UnitType	Leopard Tank	LEOPARDTANK	0x16B5346C
260	UnitType	T80 Tank	RUSSHEAVYTANK	0x16B5103C
261	UnitType	War Elephant	HVYELEPHANT	0x16B53A74
262	UnitType	Mahout	MAHOUT	0x16B51644
263	UnitType	Gun Mahout	GUNMAHOUT	0x16B5407C
264	UnitType	Culverin Mahout	CULMAHOUT	0x16B54C8C
265	UnitType	Catapult	CATAPULT	0x16B55294
266	UnitType	Trebuchet	TREBUCHET	0x16B51C4C
267	UnitType	Bombard	BOMBARD	0x16B55EA4
268	UnitType	Cannon	CANNON	0x16B58EE4
269	UnitType	Artillery	ARTILLERY	0x16B57CCC
270	UnitType	Artillery	ARTILLERYGERMAN	0x16B576C4
271	UnitType	Howitzer	HOWITZER	0x16B588DC
272	UnitType	Howitzer	HUMMEL	0x16B56AB4
273	UnitType	Rocket Artillery	MLRS	0x16B5589C
274	UnitType	Mortar	MORTAR	0x16B594EC
275	UnitType	Siege Mortar	SIEGEMORTAR	0x16B570BC
276	UnitType	Basilica Bombard	BASILICABOMBARD	0x16B564AC
277	UnitType	Basilica Cannon	BASILICACANNON	0x16B5A0FC
278	UnitType	Katyusha Rocket	KATYUSHA	0x16B5B314
279	UnitType	Flaming Arrow	FLAMINGARROW	0x16B59AF4
280	UnitType	Heavy Flaming Arrow	HVYFLAMINGARROW	0x16B5A704
281	UnitType	Anti-Aircraft Gun	AAGUN	0x16B5AD0C
282	UnitType	Anti-Aircraft Battery	FLAKGUN	0x16B5B91C
283	UnitType	Anti-Aircraft Battery	FLAKGUNGERMAN	0x16B582D4
284	UnitType	Anti-Aircraft Missile	AVENGER	0x16B5BF24
285	UnitType	Anti-Aircraft Missile	AVENGERCTWE	0x16B5C52C
286	UnitType	Anti-Aircraft Missile	AVENGERCTWW	0x16B5CB34
287	UnitType	Biplane	BIPLANE	0x16B62864
288	UnitType	Biplane	ALBATROSS	0x16B6225C
289	UnitType	Fighter	FIGHTER	0x16B63474
290	UnitType	Fighter	P40	0x16B6164C
291	UnitType	Fighter	P40DES	0x16B62E6C
292	UnitType	Fighter	ME109	0x16B61044
293	UnitType	Fighter	FIGHTERZERO	0x16B61C54
294	UnitType	Fighter	MUSTANG	0x16B664B4
295	UnitType	Jet Fighter	JETFIGHTER	0x16B65EAC
296	UnitType	Jet Fighter	MIRAGE	0x16B6468C
297	UnitType	Jet Fighter	TORNADO	0x16B66ABC
298	UnitType	Jet Fighter	TORNADODES	0x16B64C94
299	UnitType	Jet Fighter	MIG	0x16B6529C
300	UnitType	Jet Fighter	MIGDES	0x16B670C4
301	UnitType	Advanced Fighter	ADVFIGHTER	0x16B63A7C
302	UnitType	Hawk Fighter	HAWKFB	0x16B676CC
303	UnitType	Eagle Fighter	EAGLEFB	0x16B658A4
304	UnitType	Bomber	BOMBER	0x16B64084
305	UnitType	Strategic Bomber	STRATEGICBOMBER	0x16B6AD14
306	UnitType	Stealth Bomber	STEALTHBOMBER	0x16B6B31C
307	UnitType	Lancaster Bomber	LANCASTERBOMBER	0x16B6A70C
308	UnitType	Fighter Bomber	FIGHTERBOMBER	0x16B688E4
309	UnitType	Jet Fighter Bomber	JETFIGHTERBOMBER	0x16B6A104
310	UnitType	Helicopter	HELICOPTER	0x16B67CD4
311	UnitType	Attack Helicopter	ATTACKHELICOPTER	0x16B69AFC
312	UnitType	Attack Helicopter	HIND	0x16B6B924
313	UnitType	V2 Rocket	V2ROCKET	0x16B68EEC
314	UnitType	Cruise Missile	CRUISEMISSILE	0x16B682DC
315	UnitType	Nuclear Missile	NUCLEARMISSILE	0x16B6BF2C
316	UnitType	Nuclear ICBM	NUCLEARICBMMISSILE	0x16B6C534
317	UnitType	Fishermen	FISHERMEN	0x16B6CB3C
318	UnitType	Merchant Fleet	MERCHANTFLEET	0x16B694F4
319	UnitType	Modern Merchant Fleet	MODMERCHANTFLEET	0x16B6FB7C
320	UnitType	Transport Barge	TRANSPORT	0x16B7078C
321	UnitType	Transport Galleon	TRANSPORTGALLEON	0x16B6D144
322	UnitType	Transport Freighter	XPORTFREIGHT	0x16B6EF6C
323	UnitType	Bark	BARK	0x16B6E35C
324	UnitType	Dromon	DROMON	0x16B6F574
325	UnitType	Caravel	CARAVEL	0x16B70184
326	UnitType	Corvette	CORVETTE	0x16B6D74C
327	UnitType	Sloop	SLOOP	0x16B6E964
328	UnitType	Destroyer	DESTROYER	0x16B6DD54
329	UnitType	Cruiser	CRUISER	0x16B71654
330	UnitType	Missile Cruiser	MISSILECRUISER	0x16B7104C
331	UnitType	Brig	BRIG	0x16B7408C
332	UnitType	Fluyt	FLUYT	0x16B72264
333	UnitType	Clipper	CLIPPER	0x16B7286C
334	UnitType	Fire Raft	FIRERAFT	0x16B73A84
335	UnitType	Heavy Fire Raft	HEAVYFIRERAFT	0x16B74694
336	UnitType	Fireship	FIRESHIP	0x16B74C9C
337	UnitType	Heavy Fireship	HEAVYFIRESHIP	0x16B752A4
338	UnitType	Submarine	SUBMARINE	0x16B72E74
339	UnitType	Attack Submarine	ATTACKSUB	0x16B71C5C
340	UnitType	Trireme	TRIREME	0x16B758AC
341	UnitType	Galley	GALLEY	0x16B75EB4
342	UnitType	Carrack	GALLEON	0x16B764BC
343	UnitType	Frigate	FRIGATE	0x16B76AC4
344	UnitType	Man o' War	MANOWAR	0x16B7347C
345	UnitType	Siegeship	SIEGESHIP	0x16B77CDC
346	UnitType	Bomb Vessel	BOMBARDSHIP	0x16B794FC
347	UnitType	Bomb Ketch	MORTARSHIP	0x16B78EF4
348	UnitType	Dreadnought	DREADNOUGHT	0x16B782E4
349	UnitType	Battleship	BATTLESHIP	0x16B788EC
350	UnitType	Advanced Battleship	ADVANCEDBATTLESHIP	0x16B79B04
351	UnitType	Aircraft Carrier	AIRCRAFTCARRIER	0x16B7A10C
352	UnitType	The Despot	THEDESPOT	0x16B7A714
353	UnitType	The Senator	THESENATOR	0x16B770CC
354	UnitType	The Monarch	THEMONARCH	0x16B7AD1C
355	UnitType	The President	THEPRESIDENT	0x16B776D4
356	UnitType	The Comrade	THECITIZEN	0x16B7CB44
357	UnitType	The CEO	THECEO	0x16B7B324
358	UnitType	Alexander	ALEXANDER	0x16B7BF34
359	UnitType	Napoleon	NAPOLEON	0x16B7B92C
360	UnitType	Parmenio	PARMENIO	0x16B7C53C
361	UnitType	Antipater	ANTIPATER	0x16B80794
362	UnitType	Ptolemy	PTOLEMY	0x16B7DD5C
363	UnitType	Darius	DARIUS	0x16B7FB84
364	UnitType	Memnon	MEMNON	0x16B7D754
365	UnitType	Spitamenes	SPITAMENES	0x16B7D14C
366	UnitType	Chandragupta Maurya	CHANDRAGUPTA	0x16B7E96C
367	UnitType	Porus	PORUS	0x16B7EF74
368	UnitType	Wellington	WELLINGTON	0x16B7F57C
369	UnitType	Archduke Charles	CHARLES	0x16B7E364
370	UnitType	Djezzar	DJEZZAR	0x16B8018C
371	UnitType	Advisor Fouché	FOUCHE	0x16B8165C
372	UnitType	Commander Schwarzenberg	SCHWARZENBERG	0x16B81C64
373	UnitType	General Blucher	BLUCHER	0x16B8469C
374	UnitType	General Kutosov	KUTOSOV	0x16B83484
375	UnitType	Commander Paoli	PAOLI	0x16B8226C
376	UnitType	War Chariot	DARIUSCHARIOT	0x16B81054
377	UnitType	Ship of the Line	MANOWAR	0x16B83A8C
378	UnitType	Junkers	JUNKERS	0x16B84CA4
379	UnitType	Patrol Jeep	ARMOREDCAR	0x16B852AC
380	UnitType	Guerilla Fighters	INFANTRY	0x16B858B4
381	UnitType	Guerilla Fighters	INFANTRY	0x16B82E7C
382	UnitType	Guerilla Fighters	INFANTRY	0x16B82874
383	UnitType	Guerilla Fighters	INFANTRY	0x16B876DC
384	UnitType	Bandeirantes	BANDEIRANTES	0x16B84094
385	UnitType	Elite Bandeirantes	BANDEIRANTESELITE	0x16B87CE4
386	UnitType	Red Coats	MUSKETEERS	0x16B86ACC
387	UnitType	SAS	ELITESPECIAL	0x16B864C4
388	UnitType	Harrier Jet	ADVFIGHTER	0x16B88EFC
389	UnitType	Patrol Boat	PTBOAT	0x16B882EC
390	UnitType	Humvee	HUMVEE	0x16B870D4
391	UnitType	Barbarian Archers	BARBARIANARCHER	0x16B85EBC
392	UnitType	Barbarian Javelineers	BARBARIANJAVELINEERS	0x16B89504
393	UnitType	Barbarian Phalanx	BARBARIANPHALANX	0x16B89B0C
394	UnitType	Greek Mercenaries	GREEKMERCS	0x16B8B32C
395	UnitType	Imperial Guard	ROYALGUARD	0x16B8A114
396	UnitType	Galleon	FRIGATE	0x16B8BF3C
397	UnitType	Ironclad	IRONCLAD	0x16B8A71C
398	UnitType	Nuclear Missile Sub	TYPHOON	0x16B8AD24
399	UnitType	Catapult Ship	MORTARSHIP	0x16B8B934
400	UnitType	Fur Trapper	MERCHANTDUTCH	0x16B888F4
401	UnitType	Boadicea	BOUDICEAN	0x16B8C544
402	UnitType	Wild Bird	WILDBIRD	0x16B8CB4C
403	UnitType	Flock Bird	FLOCKBIRD	0x16B9079C
404	UnitType	Gull Bird	GULLBIRD	0x16B8D154
405	UnitType	Farm Pig	FARMPIG	0x16B8EF7C
406	UnitType	Farm Chicken	FARMCHICKEN	0x16B8E36C
407	UnitType	Herd Horse	HERDHORSES	0x16B8DD64
408	UnitType	Herd Sheep	HERDSHEEP	0x16B8E974
409	UnitType	Herd Bison	HERDBISON	0x16B8FB8C
410	UnitType	Herd Bear	HERDBLACKBEAR	0x16B8F584
411	UnitType	Herd Fish	HERDFISH	0x16B8D75C
412	UnitType	Herd Whales	HERDWHALES	0x16B90194
413	UnitType	Herd Peacock	HERDPEACOCKS	0x16B91664
414	BuildType	Small City	VILLAGE	0x16C963D4
415	BuildType	Large City	CITY	0x16C94F64
416	BuildType	Major City	METROPOLIS	0x16C97844
417	BuildType	Farm	FARM	0x16C985E4
418	BuildType	Woodcutter's Camp	WOODCUTTER	0x16C952CC
419	BuildType	Mine	MINE	0x16C97BAC
420	BuildType	University	UNIVERSITY	0x16C94BFC
421	BuildType	Oil Well	OILWELL	0x16C9894C
422	BuildType	Oil Platform	OILPLATFORM	0x16C98CB4
423	BuildType	Granary	GRANARY	0x16C9901C
424	BuildType	Lumber Mill	LUMBERMILL	0x16C99384
425	BuildType	Smelter	SMELTER	0x16C9599C
426	BuildType	Refinery	POWERPLANT	0x16C996EC
427	BuildType	Barracks	BARRACKS	0x16C9A7F4
428	BuildType	Stable	STABLE	0x16C99A54
429	BuildType	Auto Plant	AUTOPLANT	0x16C99DBC
430	BuildType	Siege Factory	SIEGEFACTORY	0x16C9A124
431	BuildType	Factory	FACTORY	0x16C9A48C
432	BuildType	Dock	DOCK	0x16C9AB5C
433	BuildType	Anchorage	ANCHORAGE	0x16CBE454
434	BuildType	Shipyard	SHIPYARD	0x16CBEE8C
435	BuildType	Library	LIBRARY	0x16CBE7BC
436	BuildType	Market	MARKET	0x16CBEB24
437	BuildType	Temple	TEMPLE	0x16CBF1F4
438	BuildType	Senate	SENATE	0x16CBDD84
439	BuildType	Tower	TOWER	0x16CBF8C4
440	BuildType	Keep	KEEP	0x16CC0D34
441	BuildType	Stockade	STOCKADE	0x16CBF55C
442	BuildType	Bunker	BUNKER	0x16CBFC2C
443	BuildType	Fort	FORT	0x16CBFF94
444	BuildType	Castle	CASTLE	0x16CC02FC
445	BuildType	Fortress	FORTRESS	0x16CBE0EC
446	BuildType	Redoubt	REDOUBT	0x16CC0664
447	BuildType	Airbase	AIRBASE	0x16CC09CC
448	BuildType	El Dorado	ELDORADO	0x16CC109C
449	BuildType	Washington Monument	WASHINGTONMONUMENT	0x16CBD6B4
450	BuildType	Lenin Statue	LENINSTATUE	0x16CBDA1C
451	BuildType	House	HOUSE0	0x223A6214
452	BuildType	House	HOUSE1	0x223A7684
453	BuildType	House	HOUSE2	0x223A5474
454	BuildType	House	HOUSE3	0x223A4A3C
455	BuildType	House	HOUSE4	0x223A79EC
456	BuildType	House	HOUSE5	0x223A6C4C
457	BuildType	House	HOUSE6	0x223A6FB4
458	BuildType	House	HOUSE7	0x223A657C
459	BuildType	House	HOUSE8	0x223A7D54
460	BuildType	House	HOUSE9	0x223A4DA4
461	BuildType	House	HOUSE10	0x223A68E4
462	BuildType	House	HOUSE11	0x223A80BC
463	BuildType	House	HOUSE12	0x223A510C
464	BuildType	House	HOUSE13	0x223A57DC
465	BuildType	House	HOUSE14	0x223A46D4
466	BuildType	House	HOUSE15	0x223A952C
467	BuildType	House	HOUSE16	0x223A731C
468	BuildType	House	HOUSE17	0x223A5EAC
469	BuildType	House	HOUSE18	0x223A8E5C
470	BuildType	House	HOUSE19	0x223A8424
471	BuildType	House	HOUSE20	0x223A878C
472	BuildType	House	HOUSE21	0x223A8AF4
473	BuildType	House	HOUSE22	0x223A91C4
474	BuildType	House	HOUSE23	0x223A5B44
475	BuildType	House	HOUSE24	0x223A9894
476	BuildType	House	HOUSE25	0x223A9BFC
477	BuildType	House	HOUSE26	0x223A9F64
478	BuildType	House	HOUSE27	0x223AA2CC
479	BuildType	House	HOUSE28	0x223AA634
480	BuildType	House	HOUSE29	0x223AA99C
481	BuildType	House	HOUSE30	0x223AAD04
482	BuildType	House	HOUSE31	0x223AB06C
483	BuildType	House	HOUSE32	0x223ABAA4
484	BuildType	House	HOUSE33	0x223AB3D4
485	BuildType	House	HOUSE34	0x223ABE0C
486	BuildType	House	HOUSE35	0x223AC174
487	BuildType	Apartments	APARTMENT0	0x223AB73C
488	BuildType	Apartments	APARTMENT1	0x223ADEB4
489	BuildType	Apartments	APARTMENT2	0x223AD7E4
490	BuildType	Apartments	APARTMENT3	0x223AF324
491	BuildType	Apartments	APARTMENT4	0x223ADB4C
492	BuildType	Apartments	APARTMENT5	0x223AE584
493	BuildType	Apartments	APARTMENT6	0x223AC6DC
494	BuildType	Apartments	APARTMENT7	0x223AE8EC
495	BuildType	Apartments	APARTMENT8	0x223AE21C
496	BuildType	Apartments	APARTMENT9	0x223ACDAC
497	BuildType	Apartments	APARTMENT10	0x223AD47C
498	BuildType	Apartments	APARTMENT11	0x223AD114
499	BuildType	Apartments	APARTMENT12	0x223AEC54
500	BuildType	Apartments	APARTMENT13	0x223AEFBC
501	BuildType	Apartments	APARTMENT14	0x223AF68C
502	BuildType	Apartments	APARTMENT15	0x223AF9F4
503	BuildType	Apartments	APARTMENT16	0x223AFD5C
504	BuildType	Apartments	APARTMENT17	0x223B00C4
505	BuildType	Apartments	APARTMENT18	0x223B042C
506	BuildType	Apartments	APARTMENT19	0x223ACA44
507	BuildType	Office Building	OFFICE0	0x223B263C
508	BuildType	Office Building	OFFICE1	0x223B189C
509	BuildType	Office Building	OFFICE2	0x223B1C04
510	BuildType	Office Building	OFFICE3	0x223B1F6C
511	BuildType	Office Building	OFFICE4	0x223B2D0C
512	BuildType	Office Building	OFFICE5	0x223B29A4
513	BuildType	Office Building	OFFICE6	0x223B11CC
514	BuildType	Office Building	OFFICE7	0x223B3074
515	BuildType	Office Building	OFFICE8	0x223B0AFC
516	BuildType	Office Building	OFFICE9	0x223B0794
517	BuildType	Office Building	OFFICE10	0x223B0E64
518	BuildType	Office Building	OFFICE11	0x223B1534
519	BuildType	Courtyard Fountain	COURTYARDFOUNTAIN	0x223B22D4
520	BuildType	Missile Silo	NUCLEARSILO	0x223B33DC
521	BuildType	Lookout	LOOKOUT	0x223B417C
522	BuildType	Observation Post	OBSERVATIONPOST	0x223B3744
523	BuildType	Air Defense Gun	AIRDEFENSEGUN	0x223B3E14
524	BuildType	Radar Air Defense	RADARAIRDEFENSE	0x223B3AAC
525	BuildType	SAM Installation	SAMINSTALLATION	0x2257BB3C
526	BuildType	Pyramids	PYRAMIDS	0x2257BEA4
527	BuildType	Colossus	COLOSSUS	0x2257C20C
528	BuildType	Hanging Gardens	HANGINGGARDENS	0x2257AA34
529	BuildType	Terra Cotta Army	TERRACOTTAARMY	0x2257B46C
530	BuildType	Colosseum	COLOSSEUM	0x2257B7D4
531	BuildType	Forbidden City	FORBIDDENCITY	0x2257CFAC
532	BuildType	Temple of Tikal	TIKAL	0x2257CC44
533	BuildType	Porcelain Tower	PORCELAIN	0x2257D314
534	BuildType	Red Fort	REDFORT	0x2257D67C
535	BuildType	Angkor Wat	ANGKORWAT	0x2257D9E4
536	BuildType	Versailles	VERSAILLES	0x2257C574
537	BuildType	Statue of Liberty	STATUEOFLIBERTY	0x2257C8DC
538	BuildType	Kremlin	KREMLIN	0x22579FFC
539	BuildType	Taj Mahal	TAJMAHAL	0x2257B104
540	BuildType	Eiffel Tower	EIFFELTOWER	0x2257AD9C
541	BuildType	Supercollider	SUPERCOLLIDER	0x2257DD4C
542	BuildType	Space Program	SPACEPROGRAM	0x2257A364
543	ItemType	Goody Box	Goody Box	0x16AE5BDC
544	TechType	Classical Age		0x22579D34
545	TechType	Medieval Age		0x1699E804
546	TechType	Gunpowder Age		0x1699D2C4
547	TechType	Enlightenment Age		0x1699DABC
548	TechType	Industrial Age		0x1699D56C
549	TechType	Modern Age		0x1699D814
550	TechType	Information Age		0x1699EAAC
551	TechType	Written Word		0x1699ED54
552	TechType	Mathematics		0x1699DD64
553	TechType	Chemistry		0x1699E00C
554	TechType	Laws of Nature		0x1699E2B4
555	TechType	Electricity		0x1699E55C
556	TechType	Electronics		0x1699EFFC
557	TechType	Computerization		0x223C8BAC
558	TechType	Barter		0x223C6E74
559	TechType	Coinage		0x223C8E54
560	TechType	Trade		0x223C810C
561	TechType	Mercantilism		0x223C9E44
562	TechType	Finance		0x223C93A4
563	TechType	Assembly Line		0x223CA8E4
564	TechType	Globalization		0x223C8904
565	TechType	City State		0x223C711C
566	TechType	Empire		0x223C90FC
567	TechType	Feudalism		0x223CAB8C
568	TechType	Divine Right		0x223CA394
569	TechType	Constitution		0x223C83B4
570	TechType	Great Power		0x223C964C
571	TechType	International Law		0x223C98F4
572	TechType	The Art of War		0x223C9B9C
573	TechType	Mercenaries		0x223C7914
574	TechType	Standing Army		0x223C766C
575	TechType	Conscription		0x223CA0EC
576	TechType	Levee en Masse		0x223CA63C
577	TechType	Nation-in-Arms		0x223C7BBC
578	TechType	Selective Service		0x223C73C4
579	TechType	Missile Shield		0x223C7E64
580	TechType	World Government		0x223C865C
581	TechType	Global Prosperity		0x16CB213C
582	TechType	Artificial Intelligence		0x16CB3E74
583	TechType	Tactics		0x16CB510C
584	TechType	Operations		0x16CB169C
585	TechType	Strategy		0x16CB466C
586	TechType	Religion		0x16CB23E4
587	TechType	Monotheism		0x16CB411C
588	TechType	Existentialism		0x16CB2BDC
589	TechType	Taxation		0x16CB43C4
590	TechType	Vassalage		0x16CB4914
591	TechType	Social Contract		0x16CB4BBC
592	TechType	Income Tax		0x16CB1944
593	TechType	Fortification		0x16CB1BEC
594	TechType	Bombardment		0x16CB312C
595	TechType	Strategic Reserves		0x16CB1E94
596	TechType	Allegiance		0x16CB268C
597	TechType	Oath of Fealty		0x16CB4E64
598	TechType	Patriotism		0x16CB33D4
599	TechType	Nationalism		0x16CB53B4
600	TechType	Construction		0x16CB2934
601	TechType	Architecture		0x16CB2E84
602	TechType	Engineering		0x16CB367C
603	TechType	Herbal Lore		0x16CB3924
604	TechType	Medicine		0x16CB3BCC
605	TechType	Pharmaceuticals		0x16CB7134
606	TechType	Forage		0x16CB9114
607	TechType	Supply		0x16CB7E7C
608	TechType	Logistics		0x16CB7BD4
609	TechType	Carpentry		0x16CB73DC
610	TechType	Logging Industry		0x16CB93BC
611	TechType	Papermill		0x16CB693C
612	TechType	Agriculture		0x16CB7684
613	TechType	Crop Rotation		0x16CB83CC
614	TechType	Food Industry		0x16CB792C
615	TechType	Literacy		0x16CB6694
616	TechType	Printing Press		0x16CB8124
617	TechType	Scientific Method		0x16CB8674
618	TechType	Institutional Research		0x16CB891C
619	TechType	Supercomputers		0x16CB6E8C
620	TechType	Metal Alloys		0x16CB8BC4
621	TechType	Cold Casting		0x16CB56A4
622	TechType	Steel		0x16CB594C
623	TechType	Despotism		0x16CB6144
624	TechType	Republic		0x16CB5BF4
625	TechType	Monarchy		0x16CB8E6C
626	TechType	Democracy		0x16CB5E9C
627	TechType	Socialism		0x16CB6BE4
628	TechType	Capitalism		0x16CB63EC
629	SpellType	Bribe	BRIBE	0x22547F24
630	SpellType	Pilfer Resources	PILFER	0x225478AC
631	SpellType	Counterintelligence	COUNTERINTEL	0x22547CFC
632	SpellType	Assimilate	ASSIMILATE	0x22547684
633	SpellType	Rally!	RALLY	0x2254745C
634	SpellType	Create Decoys	CREATEDECOY	0x22546BBC
635	SpellType	Ambush	AMBUSH	0x2254631C
636	SpellType	Forced March	FORCEDMARCH	0x2254493C
637	SpellType	Entrench	ENTRENCH	0x22547AD4
638	SpellType	Restock Supplies	RESTOCK	0x2254814C
639	SpellType	Informer	INFORMER	0x2254562C
640	SpellType	Sabotage	SABOTAGE	0x225487C4
641	SpellType	Sniper	SNIPER	0x22545ECC
642	SpellType	Blow Tread	BLOWTREAD	0x225489EC
643	SpellType	Jam Radar	JAMRADAR	0x22548374
644	SpellType	Paradrop	PARADROP	0x22545854
645	SpellType	Research Project	RESEARCHPROJ	0x2254859C
646	SpellType	Raze	RAZE	0x22545CA4
647	SpellType	Move Capital Here	MOVECAPITAL	0x22544B64
648	SpellType	Lock Gate	LOCK	0x22548C14
649	SpellType	Unlock Gate	UNLOCK	0x22546DE4
650	SpellType	Transport	TRANSPORT	0x225460F4
651	SpellType	Pack	PACK	0x22546544
652	SpellType	Deploy	DEPLOY	0x22546994
653	SpellType	Pack	PACK	0x22552BA4
654	SpellType	Deploy	DEPLOY	0x225520DC
655	SpellType	Pack	PACK	0x22552754
656	SpellType	Deploy	DEPLOY	0x22553444
657	SpellType	Pack	PACK	0x22552FF4
658	SpellType	Deploy	DEPLOY	0x2255321C
659	SpellType	Civilian	CIVILIAN	0x22554584
660	SpellType	To Arms	TOARMS	0x2255549C
661	SpellType	Build Aircraft	BUILDAIR	0x22553894
662	SpellType	Morph	MORPH	0x22553ABC
663	SpellType	Go Ranged	IMMORTAL_ARCH	0x22553CE4
664	SpellType	Go Melee	IMMORTAL_HINF	0x22553F0C
665	SpellType	Upgrade	GORADAR	0x22559774
666	SpellType	Disband	DISBAND	0x22555F64
667	SpellType	Raze	RAZE	0x2255999C
668	SpellType	Declare War	DOW	0x22556C54
669	SpellType	Declare War	DOW	0x2255885C
670	SpellType	Declare War	DOW	0x22555D3C
671	SpellType	Declare War	DOW	0x22558ED4
672	SpellType	Declare War	DOW	0x22559BC4
673	SpellType	Declare War	DOW	0x22559DEC
674	SpellType	Declare War	DOW	0x22556804
675	SpellType	Declare War	DOW	0x225570A4
676	SpellType	Cancel Alliance	DOW2	0x22557944
677	SpellType	Cancel Alliance	DOW2	0x22557B6C
678	SpellType	Cancel Alliance	DOW2	0x225590FC
679	SpellType	Cancel Alliance	DOW2	0x2253E50C
680	SpellType	Cancel Alliance	DOW2	0x2253A684
681	SpellType	Cancel Alliance	DOW2	0x2253B374
682	SpellType	Cancel Alliance	DOW2	0x2253CF7C
683	SpellType	Cancel Alliance	DOW2	0x2253C4B4
684	BonusType			0x114B315C
685	BonusType			0x114B3334
686	BonusType			0x1141F0D4
687	BonusType			0x1141E5C4
688	BonusType			0x1141E3EC
689	BonusType			0x1141E79C
690	BonusType			0x1141E974
691	BonusType			0x1141EB4C
692	BonusType			0x1141ED24
693	BonusType			0x1141EEFC
694	BonusType			0x16D8AF04
695	BonusType			0x16D8B664
696	BonusType			0x16D8A97C
697	BonusType			0x16D8B83C
698	BonusType			0x16D8AB54
699	BonusType			0x16D8BA14
700	BonusType			0x16D8BBEC
701	BonusType			0x16D8A21C
702	BonusType			0x16D8A7A4
703	BonusType			0x16D89E6C
704	BonusType			0x16D8B0DC
705	BonusType			0x16D8AD2C
706	BonusType			0x16D8A3F4
707	BonusType			0x16D8A044
708	BonusType			0x16D8B2B4
709	BonusType			0x16D8B48C
710	BonusType			0x16D8A5CC
711	BonusType			0x114334A4
712	BonusType			0x11432994
713	BonusType			0x1143240C
714	BonusType			0x11431AD4
715	BonusType			0x11432234
716	BonusType			0x114327BC
717	BonusType			0x11431E84
718	BonusType			0x11431724
719	BonusType			0x11432B6C
720	BonusType			0x114318FC
721	BonusType			0x114325E4
722	BonusType			0x11431CAC
723	BonusType			0x1143205C
724	BonusType			0x11432D44
725	BonusType			0x11432F1C
726	BonusType			0x114330F4
727	BonusType			0x114332CC
728	BonusType			0x1144A45C
729	BonusType			0x1144AD94
730	BonusType			0x1144A634
731	BonusType			0x1144B8A4
732	BonusType			0x1144B31C
733	BonusType			0x1144BE2C
734	BonusType			0x1144C004
735	BonusType			0x1144B144
736	BonusType			0x1144A80C
737	BonusType			0x1144ABBC
738	BonusType			0x1144C1DC
739	BonusType			0x1144A9E4
740	BonusType			0x1144B4F4
741	BonusType			0x1144BA7C
742	BonusType			0x1144AF6C
743	BonusType			0x1144B6CC
744	BonusType			0x1144BC54
745	BonusType			0x16BC6104
746	BonusType			0x16BC5244
747	BonusType			0x16BC55F4
748	BonusType			0x16BC5D54
749	BonusType			0x16BC668C
750	BonusType			0x16BC541C
751	BonusType			0x16BC59A4
752	BonusType			0x16BC5F2C
753	BonusType			0x16BC506C
754	BonusType			0x16BC57CC
755	BonusType			0x16BC6C14
756	BonusType			0x16BC5B7C
757	BonusType			0x16BC62DC
758	BonusType			0x16BC64B4
759	BonusType			0x16BC6864
760	BonusType			0x16BC6A3C
761	BonusType			0x16BC6DEC
762	BonusType			0x16AEBE2C
763	BonusType			0x16AEA0AC
764	BonusType			0x16AEA80C
765	BonusType			0x16AEA9E4
766	BonusType			0x16AEA284
767	BonusType			0x16AEB144
768	BonusType			0x16AEB31C
769	BonusType			0x16AEB4F4
770	BonusType			0x16AEB6CC
771	BonusType			0x16AEB8A4
772	BonusType			0x16AEABBC
773	BonusType			0x16AEAD94
774	BonusType			0x16AEBA7C
775	BonusType			0x16AEBC54
776	BonusType			0x16AEAF6C
777	BonusType			0x16AEA45C
778	BonusType			0x16AEA634
779	BonusType			0x16AED14C
780	BonusType			0x16AEDC5C
781	BonusType			0x16AED324
782	BonusType			0x16AEC9EC
783	BonusType			0x16AEC814
784	BonusType			0x16AED4FC
785	BonusType			0x16AECBC4
786	BonusType			0x16AEDE34
787	BonusType			0x16AECD9C
788	BonusType			0x16AECF74
789	BonusType			0x16AEC0B4
790	BonusType			0x16AEC464
791	BonusType			0x16AED6D4
792	BonusType			0x16AED8AC
793	BonusType			0x16AEDA84
794	BonusType			0x16AEC28C
795	BonusType			0x16AEC63C
796	BonusType			0x16AEFA8C
797	BonusType			0x16AEEF7C
798	BonusType			0x16AEF504
799	BonusType			0x16AEEDA4
800	BonusType			0x16AEF6DC
801	BonusType			0x16AEFE3C
802	BonusType			0x16AEE644
803	BonusType			0x16AEF154
804	BonusType			0x16AEE294
805	BonusType			0x16AEF8B4
